1;password1
2;password2
3;password3
4;password4
5;password5
6;password6
7;password7
8;password8
9;password9
10;password10
11;password11
12;password12
13;password13
14;password14
15;password15
16;password16
17;password17
18;password18
19;password19
20;password20
21;password21
22;password22
23;password23
24;password24
25;password25
26;password26
27;password27
28;password28
29;password29
30;password30
31;password31
32;password32
33;password33
34;password34
35;password35
36;password36
37;password37
38;password38
39;password39
40;password40
41;password41
42;password42
43;password43
44;password44
45;password45
46;password46
47;password47
48;password48
49;password49
50;password50
51;password51
52;password52
53;password53
54;password54
55;password55
56;password56
57;password57
58;password58
59;password59
60;password60
61;password61
62;password62
63;password63
64;password64
65;password65
66;password66
67;password67
68;password68
69;password69
70;password70
71;password71
72;password72
73;password73
74;password74
75;password75
76;password76
77;password77
78;password78
79;password79
80;password80
81;password81
82;password82
83;password83
84;password84
85;password85
86;password86
87;password87
88;password88
89;password89
90;password90
91;password91
92;password92
93;password93
94;password94
95;password95
96;password96
97;password97
98;password98
99;password99
100;password100
101;password101
102;password102
103;password103
104;password104
105;password105
106;password106
107;password107
108;password108
109;password109
110;password110
111;password111
112;password112
113;password113
114;password114
115;password115
116;password116
117;password117
118;password118
119;password119
120;password120
121;password121
122;password122
123;password123
124;password124
125;password125
126;password126
127;password127
128;password128
129;password129
130;password130
131;password131
132;password132
133;password133
134;password134
135;password135
136;password136
137;password137
138;password138
139;password139
140;password140
141;password141
142;password142
143;password143
144;password144
145;password145
146;password146
147;password147
148;password148
149;password149
150;password150
151;password151
152;password152
153;password153
154;password154
155;password155
156;password156
157;password157
158;password158
159;password159
160;password160
161;password161
162;password162
163;password163
164;password164
165;password165
166;password166
167;password167
168;password168
169;password169
170;password170
171;password171
172;password172
173;password173
174;password174
175;password175
176;password176
177;password177
178;password178
179;password179
180;password180
181;password181
182;password182
183;password183
184;password184
185;password185
186;password186
187;password187
188;password188
189;password189
190;password190
191;password191
192;password192
193;password193
194;password194
195;password195
196;password196
197;password197
198;password198
199;password199
200;password200
201;password201
202;password202
203;password203
204;password204
205;password205
206;password206
207;password207
208;password208
209;password209
210;password210
211;password211
212;password212
213;password213
214;password214
215;password215
216;password216
217;password217
218;password218
219;password219
220;password220
221;password221
222;password222
223;password223
224;password224
225;password225
226;password226
227;password227
228;password228
229;password229
230;password230
231;password231
232;password232
233;password233
234;password234
235;password235
236;password236
237;password237
238;password238
239;password239
240;password240
241;password241
242;password242
243;password243
244;password244
245;password245
246;password246
247;password247
248;password248
249;password249
250;password250
251;password251
252;password252
253;password253
254;password254
255;password255
256;password256
257;password257
258;password258
259;password259
260;password260
261;password261
262;password262
263;password263
264;password264
265;password265
266;password266
267;password267
268;password268
269;password269
270;password270
271;password271
272;password272
273;password273
274;password274
275;password275
276;password276
277;password277
278;password278
279;password279
280;password280
281;password281
282;password282
283;password283
284;password284
285;password285
286;password286
287;password287
288;password288
289;password289
290;password290
291;password291
292;password292
293;password293
294;password294
295;password295
296;password296
297;password297
298;password298
299;password299
300;password300
301;password301
302;password302
303;password303
304;password304
305;password305
306;password306
307;password307
308;password308
309;password309
310;password310
311;password311
312;password312
313;password313
314;password314
315;password315
316;password316
317;password317
318;password318
319;password319
320;password320
321;password321
322;password322
323;password323
324;password324
325;password325
326;password326
327;password327
328;password328
329;password329
330;password330
331;password331
332;password332
333;password333
334;password334
335;password335
336;password336
337;password337
338;password338
339;password339
340;password340
341;password341
342;password342
343;password343
344;password344
345;password345
346;password346
347;password347
348;password348
349;password349
350;password350
351;password351
352;password352
353;password353
354;password354
355;password355
356;password356
357;password357
358;password358
359;password359
360;password360
361;password361
362;password362
363;password363
364;password364
365;password365
366;password366
367;password367
368;password368
369;password369
370;password370
371;password371
372;password372
373;password373
374;password374
375;password375
376;password376
377;password377
378;password378
379;password379
380;password380
381;password381
382;password382
383;password383
384;password384
385;password385
386;password386
387;password387
388;password388
389;password389
390;password390
391;password391
392;password392
393;password393
394;password394
395;password395
396;password396
397;password397
398;password398
399;password399
400;password400
401;password401
402;password402
403;password403
404;password404
405;password405
406;password406
407;password407
408;password408
409;password409
410;password410
411;password411
412;password412
413;password413
414;password414
415;password415
416;password416
417;password417
418;password418
419;password419
420;password420
421;password421
422;password422
423;password423
424;password424
425;password425
426;password426
427;password427
428;password428
429;password429
430;password430
431;password431
432;password432
433;password433
434;password434
435;password435
436;password436
437;password437
438;password438
439;password439
440;password440
441;password441
442;password442
443;password443
444;password444
445;password445
446;password446
447;password447
448;password448
449;password449
450;password450
451;password451
452;password452
453;password453
454;password454
455;password455
456;password456
457;password457
458;password458
459;password459
460;password460
461;password461
462;password462
463;password463
464;password464
465;password465
466;password466
467;password467
468;password468
469;password469
470;password470
471;password471
472;password472
473;password473
474;password474
475;password475
476;password476
477;password477
478;password478
479;password479
480;password480
481;password481
482;password482
483;password483
484;password484
485;password485
486;password486
487;password487
488;password488
489;password489
490;password490
491;password491
492;password492
493;password493
494;password494
495;password495
496;password496
497;password497
498;password498
499;password499
500;password500
501;password501
502;password502
503;password503
504;password504
505;password505
506;password506
507;password507
508;password508
509;password509
510;password510
511;password511
512;password512
513;password513
514;password514
515;password515
516;password516
517;password517
518;password518
519;password519
520;password520
521;password521
522;password522
523;password523
524;password524
525;password525
526;password526
527;password527
528;password528
529;password529
530;password530
531;password531
532;password532
533;password533
534;password534
535;password535
536;password536
537;password537
538;password538
539;password539
540;password540
541;password541
542;password542
543;password543
544;password544
545;password545
546;password546
547;password547
548;password548
549;password549
550;password550
551;password551
552;password552
553;password553
554;password554
555;password555
556;password556
557;password557
558;password558
559;password559
560;password560
561;password561
562;password562
563;password563
564;password564
565;password565
566;password566
567;password567
568;password568
569;password569
570;password570
571;password571
572;password572
573;password573
574;password574
575;password575
576;password576
577;password577
578;password578
579;password579
580;password580
581;password581
582;password582
583;password583
584;password584
585;password585
586;password586
587;password587
588;password588
589;password589
590;password590
591;password591
592;password592
593;password593
594;password594
595;password595
596;password596
597;password597
598;password598
599;password599
600;password600
601;password601
602;password602
603;password603
604;password604
605;password605
606;password606
607;password607
608;password608
609;password609
610;password610
611;password611
612;password612
613;password613
614;password614
615;password615
616;password616
617;password617
618;password618
619;password619
620;password620
621;password621
622;password622
623;password623
624;password624
625;password625
626;password626
627;password627
628;password628
629;password629
630;password630
631;password631
632;password632
633;password633
634;password634
635;password635
636;password636
637;password637
638;password638
639;password639
640;password640
641;password641
642;password642
643;password643
644;password644
645;password645
646;password646
647;password647
648;password648
649;password649
650;password650
651;password651
652;password652
653;password653
654;password654
655;password655
656;password656
657;password657
658;password658
659;password659
660;password660
661;password661
662;password662
663;password663
664;password664
665;password665
666;password666
667;password667
668;password668
669;password669
670;password670
671;password671
672;password672
673;password673
674;password674
675;password675
676;password676
677;password677
678;password678
679;password679
680;password680
681;password681
682;password682
683;password683
684;password684
685;password685
686;password686
687;password687
688;password688
689;password689
690;password690
691;password691
692;password692
693;password693
694;password694
695;password695
696;password696
697;password697
698;password698
699;password699
700;password700
701;password701
702;password702
703;password703
704;password704
705;password705
706;password706
707;password707
708;password708
709;password709
710;password710
711;password711
712;password712
713;password713
714;password714
715;password715
716;password716
717;password717
718;password718
719;password719
720;password720
721;password721
722;password722
723;password723
724;password724
725;password725
726;password726
727;password727
728;password728
729;password729
730;password730
731;password731
732;password732
733;password733
734;password734
735;password735
736;password736
737;password737
738;password738
739;password739
740;password740
741;password741
742;password742
743;password743
744;password744
745;password745
746;password746
747;password747
748;password748
749;password749
750;password750
751;password751
752;password752
753;password753
754;password754
755;password755
756;password756
757;password757
758;password758
759;password759
760;password760
761;password761
762;password762
763;password763
764;password764
765;password765
766;password766
767;password767
768;password768
769;password769
770;password770
771;password771
772;password772
773;password773
774;password774
775;password775
776;password776
777;password777
778;password778
779;password779
780;password780
781;password781
782;password782
783;password783
784;password784
785;password785
786;password786
787;password787
788;password788
789;password789
790;password790
791;password791
792;password792
793;password793
794;password794
795;password795
796;password796
797;password797
798;password798
799;password799
800;password800
801;password801
802;password802
803;password803
804;password804
805;password805
806;password806
807;password807
808;password808
809;password809
810;password810
811;password811
812;password812
813;password813
814;password814
815;password815
816;password816
817;password817
818;password818
819;password819
820;password820
821;password821
822;password822
823;password823
824;password824
825;password825
826;password826
827;password827
828;password828
829;password829
830;password830
831;password831
832;password832
833;password833
834;password834
835;password835
836;password836
837;password837
838;password838
839;password839
840;password840
841;password841
842;password842
843;password843
844;password844
845;password845
846;password846
847;password847
848;password848
849;password849
850;password850
851;password851
852;password852
853;password853
854;password854
855;password855
856;password856
857;password857
858;password858
859;password859
860;password860
861;password861
862;password862
863;password863
864;password864
865;password865
866;password866
867;password867
868;password868
869;password869
870;password870
871;password871
872;password872
873;password873
874;password874
875;password875
876;password876
877;password877
878;password878
879;password879
880;password880
881;password881
882;password882
883;password883
884;password884
885;password885
886;password886
887;password887
888;password888
889;password889
890;password890
891;password891
892;password892
893;password893
894;password894
895;password895
896;password896
897;password897
898;password898
899;password899
900;password900
901;password901
902;password902
903;password903
904;password904
905;password905
906;password906
907;password907
908;password908
909;password909
910;password910
911;password911
912;password912
913;password913
914;password914
915;password915
916;password916
917;password917
918;password918
919;password919
920;password920
921;password921
922;password922
923;password923
924;password924
925;password925
926;password926
927;password927
928;password928
929;password929
930;password930
931;password931
932;password932
933;password933
934;password934
935;password935
936;password936
937;password937
938;password938
939;password939
940;password940
941;password941
942;password942
943;password943
